date,description,reference,amount
2026-07-01,Rent July - Storgata 12,B-1001,-18500.00
2026-07-03,Fjellkraft Energi AS - electricity,B-1002,-4200.50
2026-07-05,Customer payment - INV-2041,B-1003,56250.00
2026-07-10,Skylab Programvare AS - SaaS subscription,B-1004,-2990.00
2026-07-15,Payroll run July,B-1005,-84300.00
2026-07-20,Customer payment - INV-2042,B-1006,31875.00
2026-07-22,Kontorrekvisita Nord AS - office supplies,B-1007,-1245.75
2026-07-28,Customer payment - INV-2043,B-1008,12500.00
2026-07-31,Bank fees July,B-1009,-150.00
